Benua,Luas,Populasi
 Afrika ,,
 Amerika,6815.095157075945,143.54267658086914
 Asia   ,3887.95760436419,683.9303083404527
 Eropa  ,131.8446055020834,18.009256878986797
